{"accuracy": [0.8214825987815857, 0.9432677626609802, 0.9402420520782471, 0.9606656432151794, 0.9576399326324463, 0.9682299494743347, 0.95158851146698, 0.92738276720047, 0.9372163414955139, 0.950075626373291], "loss": [0.4715989828109741, 0.16629695892333984, 0.18112920224666595, 0.12296992540359497, 0.11167023330926895, 0.10838557779788971, 0.1346878707408905, 0.2244880199432373, 0.16604898869991302, 0.14371109008789062], "val_accuracy": [0.949999988079071, 0.9833333492279053, 0.9666666388511658, 0.949999988079071, 0.9833333492279053, 0.949999988079071, 0.9666666388511658, 0.9666666388511658, 0.9666666388511658, 0.9666666388511658], "val_loss": [0.1971282958984375, 0.10581626743078232, 0.13112477958202362, 0.12721258401870728, 0.06917965412139893, 0.08466091006994247, 0.11632899940013885, 0.10108722001314163, 0.10467831045389175, 0.10709777474403381], "learning_rate": [0.0010000000474974513, 0.0010000000474974513, 0.0010000000474974513, 0.0010000000474974513, 0.0010000000474974513, 0.0010000000474974513, 0.0010000000474974513, 9.999999747378752e-06, 9.999999747378752e-06, 9.999999747378752e-06]}
